City_ID,City,Country,Date,Lat,Lng,Max Temp,Humidity,Cloudiness,Wind Speed
0,Tuktoyaktuk,CA,2021-08-03 00:03:38,69.4541,-133.0374,42.44,92,100,13.13
1,Port Elizabeth,ZA,2021-08-03 00:03:38,-33.918,25.5701,49.1,88,0,8.97
2,Eliot,US,2021-08-03 00:03:39,43.1531,-70.8001,73.94,66,1,5.75
3,Nanortalik,GL,2021-08-03 00:03:39,60.1432,-45.2371,44.8,94,98,0.72
4,Vao,NC,2021-08-03 00:03:40,-22.6667,167.4833,66.7,67,1,5.5
5,Luderitz,NA,2021-08-03 00:03:41,-26.6481,15.1594,66.25,37,0,1.74
6,Rongcheng,CN,2021-08-03 00:03:41,30.634,117.8517,81.48,85,46,6.71
7,Albany,US,2021-08-03 00:02:27,42.6001,-73.9662,69.4,67,9,1.99
8,Ancud,CL,2021-08-03 00:03:42,-41.8697,-73.8203,50.4,96,99,3.31
9,Yellowknife,CA,2021-08-03 00:00:19,62.456,-114.3525,89.29,27,0,11.21
10,Saint-Philippe,RE,2021-08-03 00:03:42,-21.3585,55.7679,65.79,70,8,1.41
11,Hobart,AU,2021-08-03 00:00:12,-42.8794,147.3294,49.26,80,99,4.0
12,Bull Savanna,JM,2021-08-03 00:03:43,17.8868,-77.5902,79.39,79,54,10.2
13,Yulara,AU,2021-08-03 00:03:43,-25.2406,130.9889,50.09,56,0,16.02
14,Grand Gaube,MU,2021-08-03 00:03:44,-20.0064,57.6608,68.7,66,0,4.7
15,Christchurch,NZ,2021-08-03 00:00:51,-43.5333,172.6333,46.9,88,90,4.0
16,Rikitea,PF,2021-08-02 23:59:31,-23.1203,-134.9692,69.93,55,82,19.6
17,Prince Rupert,CA,2021-08-03 00:03:25,54.3161,-130.3201,64.56,67,28,4.29
18,Bethel,US,2021-08-03 00:01:11,41.3712,-73.414,75.76,77,44,2.73
19,Kapaa,US,2021-08-03 00:03:45,22.0752,-159.319,87.78,86,19,3.0
20,Ushuaia,AR,2021-08-03 00:00:39,-54.8,-68.3,36.09,90,96,5.12
21,Beloha,MG,2021-08-03 00:03:46,-25.1667,45.05,64.31,72,10,6.02
22,Severo-Kurilsk,RU,2021-08-03 00:03:46,50.6789,156.125,53.13,74,98,19.71
23,Highland Springs,US,2021-08-03 00:03:47,37.546,-77.3278,78.3,67,75,4.61
24,Biak,ID,2021-08-03 00:03:47,-0.9131,122.8766,79.36,70,58,7.38
25,Coquimbo,CL,2021-08-03 00:03:48,-29.9533,-71.3436,55.18,87,8,1.39
26,Tuatapere,NZ,2021-08-03 00:03:48,-46.1333,167.6833,48.81,73,93,3.78
27,Puerto Ayora,EC,2021-08-03 00:03:49,-0.7393,-90.3518,71.49,86,62,9.86
28,Pevek,RU,2021-08-03 00:03:49,69.7008,170.3133,34.97,84,92,19.69
29,Komsomolskiy,UZ,2021-08-03 00:03:50,40.4272,71.7189,72.82,41,77,0.27
30,Poum,NC,2021-08-03 00:03:50,-20.2333,164.0167,69.94,60,6,6.62
31,Ternate,ID,2021-08-03 00:03:51,0.8,127.4,83.14,74,47,6.46
32,Pipar,IN,2021-08-03 00:03:51,26.3856,73.5378,80.22,80,100,12.86
33,Dingle,PH,2021-08-03 00:03:51,10.9995,122.6711,83.16,78,100,12.82
34,Gravdal,NO,2021-08-03 00:03:52,68.1214,13.5031,49.08,75,100,10.09
35,Jamestown,US,2021-08-03 00:02:21,42.097,-79.2353,67.71,55,1,1.5
36,Bredasdorp,ZA,2021-08-03 00:03:52,-34.5322,20.0403,54.28,97,20,4.0
37,Pemangkat,ID,2021-08-03 00:03:53,1.1667,108.9667,78.8,86,87,6.76
38,Petrovskoye,RU,2021-08-03 00:03:53,57.0104,39.2693,66.13,89,57,13.29
39,Gediz,TR,2021-08-03 00:03:54,39.0417,29.41,70.25,33,0,5.88
40,Astana,KZ,2021-08-03 00:03:54,51.1801,71.446,64.35,55,0,6.71
41,Adrar,MR,2021-08-03 00:03:55,20.5022,-10.0711,93.85,33,5,10.38
42,Khatanga,RU,2021-08-03 00:03:55,71.9667,102.5,70.34,52,83,12.5
43,Mataura,NZ,2021-08-03 00:03:55,-46.1927,168.8643,48.47,85,92,4.16
44,Katsuura,JP,2021-08-03 00:03:56,35.1333,140.3,86.14,76,58,11.99
45,Gasa,PS,2021-08-03 00:01:00,31.5,34.4667,77.92,66,0,1.88
46,Fortuna,US,2021-08-03 00:03:56,40.5982,-124.1573,67.93,73,1,5.01
47,Georgetown,MY,2021-08-03 00:03:57,5.4112,100.3354,80.89,86,20,3.44
48,Kodiak,US,2021-08-03 00:03:57,57.79,-152.4072,56.71,72,90,8.05
49,Alexandria,EG,2021-08-03 00:03:37,31.2156,29.9553,80.44,83,0,6.49
50,Dikson,RU,2021-08-03 00:03:58,73.5069,80.5464,50.99,80,82,7.67
51,Victoria,HK,2021-08-03 00:02:43,22.2855,114.1577,84.33,93,98,1.01
52,Atherton,GB,2021-08-03 00:03:59,53.5237,-2.4935,55.78,87,3,2.57
53,Kalachinsk,RU,2021-08-03 00:04:00,55.0529,74.5751,63.39,69,77,8.08
54,Provideniya,RU,2021-08-03 00:04:00,64.3833,-173.3,53.71,76,90,11.18
55,Svetlyy,RU,2021-08-03 00:04:01,54.675,20.1347,59.05,82,50,17.38
56,Norman Wells,CA,2021-08-03 00:04:01,65.282,-126.8329,87.71,26,0,9.93
57,Chapais,CA,2021-08-03 00:04:02,49.7834,-74.8492,56.28,77,100,6.17
58,Chokurdakh,RU,2021-08-03 00:04:02,70.6333,147.9167,52.16,43,55,9.37
59,Henties Bay,NA,2021-08-03 00:04:03,-22.116,14.2845,58.86,82,0,11.77
60,Hermanus,ZA,2021-08-03 00:04:03,-34.4187,19.2345,56.89,85,2,8.48
61,Samarinda,ID,2021-08-03 00:04:04,-0.5,117.15,76.23,92,100,2.59
62,Faya,SA,2021-08-03 00:04:04,18.3851,42.4509,63.12,67,100,8.5
63,Butaritari,KI,2021-08-03 00:04:05,3.0707,172.7902,82.42,73,57,4.14
64,Pangnirtung,CA,2021-08-03 00:04:05,66.1451,-65.7125,46.54,87,86,4.81
65,Eyl,SO,2021-08-03 00:01:06,7.9803,49.8164,79.03,60,35,26.84
66,East London,ZA,2021-08-03 00:00:28,-33.0153,27.9116,58.48,81,36,18.01
67,Port-Cartier,CA,2021-08-03 00:04:06,50.0334,-66.8654,64.92,69,88,5.14
68,Wau,SS,2021-08-03 00:04:06,7.7029,27.9953,67.86,94,89,4.21
69,San Jose,US,2021-08-03 00:02:47,37.3394,-121.895,92.64,47,40,11.5
70,Puerto Gaitan,CO,2021-08-03 00:00:50,4.3133,-72.0816,71.1,89,82,6.96
71,Nome,US,2021-08-03 00:04:07,64.5011,-165.4064,59.16,88,90,16.11
72,Yaan,NG,2021-08-03 00:04:08,7.3833,8.5667,72.27,95,98,6.11
73,Moerai,PF,2021-08-03 00:04:08,-22.4333,-151.3333,75.24,77,68,19.24
74,Quatre Cocos,MU,2021-08-03 00:04:09,-20.2078,57.7625,65.7,73,1,4.56
75,Lethem,GY,2021-08-03 00:04:09,3.3803,-59.7968,74.97,87,99,3.67
76,Sydney,AU,2021-08-03 00:02:08,-33.8679,151.2073,65.32,81,40,1.99
77,Cape Town,ZA,2021-08-02 23:59:17,-33.9258,18.4232,57.11,93,0,3.44
78,Jardim,BR,2021-08-03 00:04:10,-21.4803,-56.1381,65.98,49,3,4.14
79,Castro,BR,2021-08-03 00:04:10,-24.7911,-50.0119,49.8,81,0,1.03
80,Mana,GF,2021-08-03 00:04:11,5.6592,-53.7767,77.65,84,39,7.14
81,Nemuro,JP,2021-08-03 00:04:11,43.3236,145.575,77.43,96,100,5.61
82,Sterling,US,2021-08-03 00:00:52,39.0062,-77.4286,78.87,57,1,5.75
83,Lompoc,US,2021-08-03 00:04:12,34.6391,-120.4579,89.02,66,1,12.66
84,Ponta Do Sol,PT,2021-08-03 00:04:12,32.6667,-17.1,72.72,76,10,7.14
85,Fairbanks,US,2021-08-03 00:03:50,64.8378,-147.7164,86.59,43,93,1.01
86,Cabo San Lucas,MX,2021-08-03 00:03:15,22.8909,-109.9124,97.52,66,40,13.35
87,Vaini,TO,2021-08-03 00:04:13,-21.2,-175.2,75.36,73,20,12.66
88,Tasiilaq,GL,2021-08-03 00:04:14,65.6145,-37.6368,46.56,83,100,2.44
89,Ouro Preto Do Oeste,BR,2021-08-03 00:04:14,-10.7481,-62.2158,77.02,32,21,4.61
90,Swan River,CA,2021-08-03 00:04:14,52.1058,-101.2676,92.21,19,100,9.22
91,Mount Isa,AU,2021-08-03 00:04:15,-20.7333,139.5,62.37,31,75,19.57
92,Shimoda,JP,2021-08-03 00:04:15,34.6667,138.95,84.31,82,94,7.4
93,Korla,CN,2021-08-03 00:04:16,41.7597,86.1469,78.42,22,98,2.39
94,Kruisfontein,ZA,2021-08-03 00:04:16,-34.0033,24.7314,45.88,91,1,6.08
95,West Bay,KY,2021-08-03 00:04:17,19.3667,-81.4167,85.06,80,93,1.99
96,Souillac,MU,2021-08-03 00:04:17,-20.5167,57.5167,66.52,68,0,1.86
97,Taltal,CL,2021-08-03 00:00:20,-25.4,-70.4833,60.15,73,20,3.6
98,Bluff,NZ,2021-08-03 00:04:18,-46.6,168.3333,48.79,61,70,8.77
99,Mahebourg,MU,2021-08-03 00:04:18,-20.4081,57.7,66.79,70,1,3.78
100,Mar Del Plata,AR,2021-08-03 00:04:18,-38.0023,-57.5575,53.13,31,2,4.0
101,Ust-Kan,RU,2021-08-03 00:04:19,50.9276,84.761,56.59,75,55,4.88
102,Hilo,US,2021-08-03 00:04:13,19.7297,-155.09,80.33,80,75,3.44
103,Balkanabat,TM,2021-08-03 00:04:19,39.5108,54.3671,87.85,17,99,2.71
104,Poronaysk,RU,2021-08-03 00:04:20,49.2167,143.1167,63.23,70,0,9.75
105,Mattru,SL,2021-08-03 00:04:20,7.6244,-11.8332,71.01,88,18,2.06
106,Mirnyy,RU,2021-08-03 00:04:21,62.5353,113.9611,67.17,44,31,9.46
107,Busselton,AU,2021-08-03 00:04:22,-33.65,115.3333,54.41,79,100,7.74
108,Saskylakh,RU,2021-08-03 00:04:22,71.9167,114.0833,68.09,49,45,9.37
109,New Norfolk,AU,2021-08-03 00:04:23,-42.7826,147.0587,48.92,79,100,1.72
110,Lebu,CL,2021-08-03 00:04:23,-37.6167,-73.65,52.54,81,15,20.98
111,Oliver,CA,2021-08-03 00:02:13,49.1831,-119.5524,99.37,16,98,6.2
112,Avarua,CK,2021-08-03 00:04:24,-21.2078,-159.775,80.65,74,75,11.5
113,Nikolskoye,RU,2021-08-03 00:04:24,59.7035,30.7861,58.89,97,100,16.33
114,Mackenzie,CA,2021-08-03 00:02:14,55.2999,-123.1698,77.65,62,54,0.2
115,Bath,GB,2021-08-03 00:00:19,51.3779,-2.3591,57.42,93,96,0.25
116,Clyde River,CA,2021-08-03 00:04:25,70.4692,-68.5914,37.63,93,90,4.61
117,Boma,GH,2021-08-03 00:04:25,7.0805,-2.1697,70.48,95,95,1.03
118,Plettenberg Bay,ZA,2021-08-03 00:04:26,-34.0527,23.3716,56.44,65,2,4.68
119,Dhidhdhoo,MV,2021-08-03 00:04:26,6.8833,73.1,81.86,73,97,6.6
120,Inhambane,MZ,2021-08-03 00:04:27,-23.865,35.3833,67.53,79,5,13.04
121,Kimbe,PG,2021-08-03 00:04:27,-5.5502,150.1429,81.43,79,68,2.68
122,Qaanaaq,GL,2021-08-03 00:04:27,77.484,-69.3632,45.39,67,100,1.57
123,Husavik,IS,2021-08-03 00:04:28,66.0449,-17.3389,52.84,89,83,2.46
124,Torbay,CA,2021-08-03 00:03:20,47.6666,-52.7314,63.48,76,100,7.27
125,Brae,GB,2021-08-03 00:04:29,60.3964,-1.353,51.71,72,100,1.32
126,Porto Novo,BJ,2021-08-03 00:04:29,6.4965,2.6036,76.01,92,100,5.75
127,Kaitangata,NZ,2021-08-03 00:04:30,-46.2817,169.8464,49.93,53,100,11.34
128,Narsaq,GL,2021-08-03 00:04:30,60.9167,-46.05,50.22,97,81,5.59
129,Baykit,RU,2021-08-03 00:04:31,61.67,96.37,64.81,68,100,5.32
130,Genhe,CN,2021-08-03 00:04:31,50.7833,121.5167,68.49,67,7,2.44
131,Calvinia,ZA,2021-08-03 00:04:31,-31.4707,19.776,54.86,28,0,8.7
132,Nishihara,JP,2021-08-03 00:04:32,26.1842,127.7558,83.86,84,40,17.27
133,Taoudenni,ML,2021-08-03 00:04:32,22.6783,-3.9836,95.14,30,77,9.75
134,Dese,ET,2021-08-03 00:04:33,11.1333,39.6333,56.05,78,100,2.04
135,Port Blair,IN,2021-08-03 00:04:33,11.6667,92.75,80.2,84,99,22.5
136,Punta Arenas,CL,2021-08-03 00:01:38,-53.15,-70.9167,37.11,86,63,25.21
137,Atasu,KZ,2021-08-03 00:04:34,48.6814,71.6433,71.58,44,34,8.55
138,Matara,LK,2021-08-03 00:04:34,5.9485,80.5353,77.68,88,100,11.34
139,Haines Junction,CA,2021-08-03 00:04:35,60.7522,-137.5108,74.98,45,96,4.43
140,Lagoa Da Prata,BR,2021-08-03 00:04:35,-20.0225,-45.5436,67.55,47,50,2.91
141,Salinas,US,2021-08-03 00:02:28,36.6777,-121.6555,88.61,61,1,12.66
142,Atuona,PF,2021-08-03 00:04:36,-9.8,-139.0333,77.45,74,12,18.63
143,Naze,JP,2021-08-03 00:04:36,28.3667,129.4833,78.78,85,77,16.8
144,Yarim,YE,2021-08-03 00:00:05,14.298,44.3779,59.25,62,100,3.6
145,Tilzapotla,MX,2021-08-03 00:04:37,18.4833,-99.2667,85.37,68,18,2.86
146,Talnakh,RU,2021-08-03 00:04:37,69.4865,88.3972,70.99,51,98,5.01
147,Bathsheba,BB,2021-08-03 00:04:38,13.2167,-59.5167,81.21,78,20,8.05
148,Baker City,US,2021-08-03 00:04:38,44.7749,-117.8344,91.15,29,1,6.91
149,Puro,PH,2021-08-03 00:04:39,12.4841,123.3827,84.69,76,100,21.52
150,Ust-Nera,RU,2021-08-03 00:04:39,64.5667,143.2,59.18,40,0,4.61
151,Methven,NZ,2021-08-03 00:04:40,-43.6333,171.65,44.02,74,100,14.16
152,Kununurra,AU,2021-08-03 00:04:40,-15.7667,128.7333,78.78,34,69,10.36
153,Madang,PG,2021-08-03 00:04:41,-5.2246,145.7966,83.89,70,99,3.71
154,Ostroda,PL,2021-08-03 00:04:41,53.6967,19.9649,58.75,75,44,10.25
155,Coihaique,CL,2021-08-03 00:04:41,-45.5752,-72.0662,46.35,53,20,5.75
156,Lagoa,PT,2021-08-03 00:04:42,39.05,-27.9833,71.87,92,8,5.7
157,Faanui,PF,2021-08-03 00:04:42,-16.4833,-151.75,78.87,76,70,14.81
158,Solhan,TR,2021-08-03 00:04:43,38.9634,41.0293,68.41,55,9,6.93
159,Bayburt,TR,2021-08-03 00:04:43,40.2589,40.2278,58.17,91,25,2.8
160,Avera,US,2021-08-03 00:04:44,33.194,-82.5271,87.67,48,22,3.38
161,Leningradskiy,RU,2021-08-03 00:04:45,69.3833,178.4167,33.19,100,100,10.22
162,Cattolica,IT,2021-08-03 00:04:45,43.9575,12.7376,73.13,52,65,4.0
163,Saint George,US,2021-08-03 00:02:08,37.1041,-113.5841,104.38,15,1,4.0
164,Klaksvik,FO,2021-08-03 00:04:46,62.2266,-6.589,50.92,86,100,12.01
165,Margate,GB,2021-08-03 00:04:46,51.3813,1.3862,61.03,76,100,1.99
166,Sao Borja,BR,2021-08-03 00:04:46,-28.6606,-56.0044,49.73,66,0,7.56
167,Flinders,AU,2021-08-03 00:04:47,-34.5833,150.8552,62.38,70,44,3.0
168,Teya,RU,2021-08-03 00:04:47,60.3778,92.6267,58.91,82,25,1.72
169,Celestun,MX,2021-08-03 00:04:48,20.8667,-90.4,85.32,69,21,16.28
170,Malinyi,TZ,2021-08-03 00:04:48,-8.9333,36.1333,63.16,71,2,0.74
171,Kavieng,PG,2021-08-03 00:04:49,-2.5744,150.7967,83.86,74,31,10.18
172,Santa Vitoria Do Palmar,BR,2021-08-03 00:04:49,-33.5189,-53.3681,48.88,96,20,5.79
173,Ostrovnoy,RU,2021-08-03 00:04:49,68.0531,39.5131,49.46,99,77,5.66
174,Kahului,US,2021-08-03 00:01:17,20.8947,-156.47,84.97,76,22,17.0
175,Diffa,NE,2021-08-03 00:04:50,13.3154,12.6113,83.19,63,76,6.8
176,Nioki,CD,2021-08-03 00:04:50,-2.7167,17.6833,73.09,39,47,3.27
177,Vila Velha,BR,2021-08-03 00:00:23,-20.3297,-40.2925,72.97,69,27,3.96
178,Carnarvon,AU,2021-08-03 00:04:51,-24.8667,113.6333,50.07,46,0,12.66
179,Bakchar,RU,2021-08-03 00:04:51,57.0186,82.0711,56.61,95,100,1.25
180,Upernavik,GL,2021-08-03 00:04:52,72.7868,-56.1549,46.99,68,57,2.53
181,Tura,IN,2021-08-03 00:04:52,25.5198,90.2201,74.17,98,100,3.76
182,Qasigiannguit,GL,2021-08-03 00:04:53,68.8193,-51.1922,46.65,83,96,7.54
183,San Patricio,US,2021-08-03 00:04:53,28.017,-97.5169,89.69,55,54,12.91
184,Manono,CD,2021-08-03 00:04:54,-7.3,27.4167,70.66,40,3,3.31
185,Qaqortoq,GL,2021-08-03 00:04:54,60.7167,-46.0333,50.5,97,95,3.33
186,Simao,CN,2021-08-03 00:04:55,22.7886,100.9748,65.95,98,56,0.89
187,Rio Gallegos,AR,2021-08-03 00:01:51,-51.6226,-69.2181,40.33,76,17,35.66
188,Bima,ID,2021-08-03 00:04:55,-8.4667,118.7167,80.64,76,34,4.97
189,Kabare,CD,2021-08-03 00:04:56,-2.4683,28.8242,62.65,68,41,1.07
190,Poso,ID,2021-08-03 00:04:56,-1.3959,120.7524,80.02,79,70,2.89
191,Pamanukan,ID,2021-08-03 00:04:57,-6.2842,107.8106,76.05,81,72,4.83
192,Williams Lake,CA,2021-08-03 00:02:14,52.1415,-122.1445,65.77,88,35,1.23
193,Bereda,ES,2021-08-03 00:04:57,43.2686,-7.5406,56.95,100,40,1.41
194,Palu,ID,2021-08-03 00:04:58,-0.8917,119.8707,80.24,85,90,2.1
195,Lavrentiya,RU,2021-08-03 00:04:59,65.5833,-171.0,45.16,99,100,8.03
196,Cayenne,GF,2021-08-03 00:04:59,4.9333,-52.3333,79.09,86,31,1.01
197,Ribeira Grande,PT,2021-08-03 00:04:59,38.5167,-28.7,73.31,92,52,7.05
198,Tsumeb,NA,2021-08-03 00:05:00,-19.2333,17.7167,59.9,34,0,8.7
199,Cap Malheureux,MU,2021-08-03 00:05:00,-19.9842,57.6142,68.88,65,0,4.52
200,Kalemie,CD,2021-08-03 00:05:01,-5.9475,29.1947,69.1,60,2,1.97
201,Gbadolite,CD,2021-08-03 00:05:01,4.2833,21.0167,68.23,92,75,1.16
202,Wattegama,LK,2021-08-03 00:05:01,6.7989,81.4808,75.97,69,100,4.94
203,Podor,MR,2021-08-03 00:05:02,16.6527,-14.9587,84.92,66,97,14.36
204,Dire,ML,2021-08-03 00:05:03,12.2833,-10.9667,72.34,97,95,2.77
205,Codrington,AU,2021-08-03 00:05:03,-38.2667,141.9667,50.27,77,95,16.13
206,Monrovia,LR,2021-08-03 00:05:04,6.3005,-10.7969,76.19,75,37,6.2
207,Vanimo,PG,2021-08-03 00:05:04,-2.6741,141.3028,84.24,69,80,7.63
208,Ocos,GT,2021-08-03 00:05:04,14.5094,-92.1933,88.32,73,87,6.06
209,Bagdarin,RU,2021-08-03 00:05:05,54.4333,113.6,58.98,76,35,1.19
210,Thompson,CA,2021-08-03 00:05:05,55.7435,-97.8558,80.49,33,34,4.05
211,Asfi,MA,2021-08-03 00:00:07,32.2994,-9.2372,67.82,90,0,13.42
212,Svobodnyy,RU,2021-08-03 00:05:06,51.4,128.1333,64.38,87,100,7.16
213,Bengkulu,ID,2021-08-03 00:05:06,-3.8004,102.2655,75.09,85,70,3.4
214,Los Llanos De Aridane,ES,2021-08-03 00:05:07,28.6585,-17.9182,69.55,92,90,11.5
215,Rawson,AR,2021-08-03 00:05:07,-43.3002,-65.1023,57.74,35,37,10.02
216,Lorengau,PG,2021-08-03 00:05:08,-2.0226,147.2712,83.14,78,25,9.17
217,Longyearbyen,SJ,2021-08-03 00:05:08,78.2186,15.6401,46.24,71,75,21.85
218,Kilgore,US,2021-08-03 00:02:58,32.3863,-94.8758,79.45,83,40,3.44
219,Esperance,AU,2021-08-03 00:05:09,-33.8667,121.9,52.23,78,97,13.6
220,Sur,OM,2021-08-03 00:05:09,22.5667,59.5289,87.37,57,80,9.46
221,Savannah Bight,HN,2021-08-03 00:05:10,16.45,-85.85,82.99,81,10,20.33
222,Khandyga,RU,2021-08-03 00:05:10,62.6667,135.6,74.3,39,44,1.99
223,Novikovo,RU,2021-08-03 00:05:11,51.1537,37.8879,67.64,90,77,5.41
224,Guacimo,CR,2021-08-03 00:05:11,10.2104,-83.6807,80.53,97,99,1.1
225,Saldanha,ZA,2021-08-03 00:05:12,-33.0117,17.9442,56.52,70,0,2.64
226,Ghanzi,BW,2021-08-03 00:05:12,-21.5667,21.7833,54.34,30,0,7.23
227,Allapalli,IN,2021-08-03 00:05:13,19.4167,80.0667,75.22,92,80,3.24
228,Chuy,UY,2021-08-03 00:05:14,-33.6971,-53.4616,48.7,95,12,5.88
229,Merauke,ID,2021-08-03 00:01:10,-8.4667,140.3333,78.13,70,45,12.17
230,Hami,CN,2021-08-03 00:05:15,42.8,93.45,77.7,21,2,5.55
231,Baie-Saint-Paul,CA,2021-08-03 00:05:15,47.4411,-70.4986,66.97,57,81,3.0
232,Mongo,TD,2021-08-03 00:05:15,12.1844,18.693,77.34,79,78,4.14
233,Turbat,PK,2021-08-03 00:05:16,26.0023,63.044,83.03,74,50,3.11
234,Saint-Augustin,CA,2021-08-03 00:05:16,51.226,-58.6502,60.46,82,97,9.37
235,Urrao,CO,2021-08-03 00:05:17,6.3152,-76.1342,60.13,95,99,1.34
236,Les Cayes,HT,2021-08-03 00:05:17,18.2,-73.75,79.72,82,84,4.74
237,Port Alfred,ZA,2021-08-03 00:05:18,-33.5906,26.891,56.39,85,23,17.54
238,Madison,US,2021-08-03 00:05:01,34.7334,-86.5667,79.48,78,75,1.99
239,Plerin,FR,2021-08-03 00:05:18,48.5425,-2.7798,53.92,87,0,1.01
240,Saint-Louis,SN,2021-08-03 00:05:19,16.3333,-15.0,83.21,71,100,13.56
241,Buraydah,SA,2021-08-03 00:05:19,26.326,43.975,84.06,11,5,3.67
242,Harper,LR,2021-08-03 00:05:20,4.375,-7.7169,75.79,79,17,4.54
243,Sinnamary,GF,2021-08-03 00:05:20,5.3833,-52.95,78.35,83,46,7.58
244,Fort Smith,US,2021-08-03 00:05:21,35.3859,-94.3986,84.34,67,20,8.05
245,Chegem,RU,2021-08-03 00:05:21,43.2833,43.1333,46.89,78,36,7.25
246,Sitka,US,2021-08-03 00:05:22,57.0531,-135.33,62.49,72,90,12.66
247,Laurel,US,2021-08-03 00:05:22,39.0993,-76.8483,78.51,63,1,0.0
248,Bambous Virieux,MU,2021-08-03 00:05:22,-20.3428,57.7575,66.36,72,1,4.54
249,Cabadiangan,PH,2021-08-03 00:05:23,9.7531,122.4739,83.17,82,100,13.15
250,Humaita,BR,2021-08-03 00:05:23,-7.5061,-63.0208,82.56,35,57,2.62
251,Jinka,ET,2021-08-03 00:05:24,5.65,36.65,64.31,60,88,2.89
252,Sarangani,PH,2021-08-03 00:05:24,5.4033,125.4636,83.8,75,74,13.8
253,Kampong Thum,KH,2021-08-03 00:05:25,12.7111,104.8887,79.54,79,100,2.35
254,Yeppoon,AU,2021-08-03 00:05:25,-23.1333,150.7333,72.79,60,0,8.43
255,Villa Bruzual,VE,2021-08-03 00:05:25,9.3328,-69.1208,71.47,97,49,4.7
256,Natal,BR,2021-08-03 00:01:17,-5.795,-35.2094,74.16,84,11,11.21
257,Cruzeiro Do Sul,BR,2021-08-03 00:05:26,-29.5128,-51.9853,53.51,92,0,0.67
258,Yatou,CN,2021-08-03 00:05:26,37.15,122.3833,78.37,79,6,3.87
259,Arua,UG,2021-08-03 00:05:27,3.0201,30.9111,61.2,91,23,3.11
260,Oga,IT,2021-08-03 00:05:27,46.4631,10.347,49.8,90,64,1.3
261,Arraial Do Cabo,BR,2021-08-03 00:05:28,-22.9661,-42.0278,68.58,80,0,18.28
262,Laem Sing,TH,2021-08-03 00:05:28,12.4816,102.0738,81.34,85,100,12.48
263,Sayaxche,GT,2021-08-03 00:05:29,16.5167,-90.1667,78.94,85,69,1.83
264,Mlonggo,ID,2021-08-03 00:05:29,-6.5333,110.7,76.89,77,60,8.34
265,Valley City,US,2021-08-03 00:05:30,46.9233,-98.0032,88.79,34,1,5.75
266,Caravelas,BR,2021-08-03 00:05:30,-17.7125,-39.2481,66.42,78,82,4.18
267,Ucluelet,CA,2021-08-03 00:04:17,48.9329,-125.5528,93.04,74,11,1.99
268,Maputo,MZ,2021-08-03 00:02:02,-25.9653,32.5892,62.22,87,4,5.12
269,Cherskiy,RU,2021-08-03 00:05:31,68.75,161.3,45.77,52,77,17.87
270,Tiksi,RU,2021-08-03 00:05:31,71.6872,128.8694,50.9,60,51,5.21
271,Axim,GH,2021-08-03 00:05:32,4.8699,-2.2405,76.5,87,64,5.97
272,Galveston,US,2021-08-03 00:05:32,29.3669,-94.9669,92.14,79,1,1.99
273,Palmer,US,2021-08-03 00:05:33,42.1584,-72.3287,73.0,61,20,4.61
274,San Francisco,US,2021-08-03 00:05:09,37.7749,-122.4194,94.37,67,75,8.99
275,Dunedin,NZ,2021-08-03 00:00:38,-45.8742,170.5036,47.8,68,100,15.99
276,Taguatinga,BR,2021-08-03 00:05:33,-12.3857,-46.5711,72.21,34,22,6.87
277,Sandane,NO,2021-08-03 00:05:34,61.7728,6.215,52.3,95,20,3.69
278,Moron,AR,2021-08-03 00:02:26,-34.6534,-58.6198,52.99,79,0,4.65
279,Kosa,RU,2021-08-03 00:05:34,59.9445,54.9977,57.56,95,69,2.39
280,Saint Anthony,US,2021-08-03 00:05:35,45.0205,-93.218,82.94,42,20,1.01
281,Amapa,BR,2021-08-03 00:05:35,1.0,-52.0,76.01,70,69,2.28
282,Aksarka,RU,2021-08-03 00:05:36,66.5606,67.7975,53.55,85,93,4.21
283,Marystown,CA,2021-08-03 00:04:07,47.1666,-55.1483,60.3,91,100,11.79
284,Annau,TM,2021-08-03 00:05:36,37.8876,58.516,80.1,21,20,6.91
285,Takoradi,GH,2021-08-03 00:05:37,4.8845,-1.7554,75.92,89,52,5.53
286,Malatya,TR,2021-08-03 00:05:37,38.5,38.0,80.65,28,0,8.05
287,Kavaratti,IN,2021-08-03 00:05:38,10.5669,72.642,82.09,72,63,14.29
288,Iqaluit,CA,2021-08-03 00:05:38,63.7506,-68.5145,47.95,82,100,6.17
289,Hobyo,SO,2021-08-03 00:05:39,5.3505,48.5268,77.25,75,54,21.52
290,Fort Nelson,CA,2021-08-03 00:02:13,58.8053,-122.7002,88.57,31,66,13.76
291,Galeana,MX,2021-08-03 00:05:39,24.8333,-100.0667,72.32,54,34,5.79
292,Havre,FR,2021-08-03 00:05:40,49.5833,0.3333,59.45,88,75,0.0
293,Warri,NG,2021-08-03 00:05:40,5.5167,5.75,75.99,89,99,4.07
294,Igarka,RU,2021-08-03 00:05:40,67.4667,86.5833,63.63,70,99,7.18
295,Kurumkan,RU,2021-08-03 00:05:41,54.3,110.3,64.87,63,74,1.16
296,Cerrito,CO,2021-08-03 00:05:41,6.8432,-72.694,52.99,92,100,2.89
297,Borogontsy,RU,2021-08-03 00:05:42,62.6683,131.1683,73.02,47,98,8.3
298,Anadyr,RU,2021-08-03 00:05:42,64.75,177.4833,46.9,93,90,17.9
299,Itarema,BR,2021-08-03 00:05:43,-2.9248,-39.9167,76.19,79,8,3.47
300,Sioux Lookout,CA,2021-08-03 00:05:43,50.1001,-91.917,79.74,35,84,8.19
301,Mustafabad,PK,2021-08-03 00:05:44,30.8922,73.4989,89.76,60,39,5.41
302,Paamiut,GL,2021-08-03 00:05:44,61.994,-49.6678,42.91,97,100,13.53
303,Portland,US,2021-08-03 00:01:00,45.5234,-122.6762,100.45,40,39,1.99
304,Deputatskiy,RU,2021-08-03 00:05:45,69.3,139.9,48.94,48,20,6.51
305,Sao Filipe,CV,2021-08-03 00:05:45,14.8961,-24.4956,76.64,84,36,4.45
306,Pisco,PE,2021-08-03 00:05:45,-13.7,-76.2167,62.65,82,75,13.8
307,Auce,LV,2021-08-03 00:05:46,56.4598,22.9017,57.65,98,19,6.82
308,Pahrump,US,2021-08-03 00:05:47,36.2083,-115.9839,104.52,13,2,5.01
309,Road Town,VG,2021-08-03 00:02:33,18.4167,-64.6167,82.49,74,6,13.71
310,Zarand,IR,2021-08-03 00:05:47,30.8127,56.564,76.77,19,78,2.86
311,Sam Chuk,TH,2021-08-03 00:05:48,14.7576,100.0899,79.86,77,100,4.85
312,La Romana,DO,2021-08-03 00:05:48,18.4273,-68.9728,78.85,77,97,9.93
313,Maunabo,PR,2021-08-03 00:05:48,18.0072,-65.8993,81.7,95,20,8.25
314,Weinan,CN,2021-08-03 00:05:49,34.5036,109.5089,79.5,67,33,4.83
315,Gorno-Altaysk,RU,2021-08-03 00:05:49,51.9561,85.955,60.96,79,93,6.29
316,Ilulissat,GL,2021-08-03 00:05:50,69.2167,-51.1,46.42,76,99,12.66
317,Teguldet,RU,2021-08-03 00:05:50,57.3064,88.1667,58.55,86,96,2.28
318,Antalaha,MG,2021-08-03 00:05:51,-14.9003,50.2788,64.26,88,2,4.99
319,Chumikan,RU,2021-08-03 00:05:51,54.7183,135.315,51.69,97,100,13.35
320,San Buenaventura,MX,2021-08-03 00:05:51,27.0833,-101.5333,85.12,68,99,17.52
321,Vardo,NO,2021-08-03 00:05:52,70.3705,31.1107,47.37,82,39,1.57
322,Ranong,TH,2021-08-03 00:05:52,9.9658,98.6348,80.17,87,100,13.98
323,Davila,PH,2021-08-03 00:05:53,18.4726,120.5763,81.36,89,100,26.08
324,Acapulco,MX,2021-08-03 00:03:06,16.8634,-99.8901,85.23,78,37,7.29
325,Warburg,DE,2021-08-03 00:05:54,51.5,9.1667,56.52,91,15,2.04
326,Woodward,US,2021-08-03 00:05:54,36.4337,-99.3904,83.43,37,1,9.22
327,Cobija,BO,2021-08-03 00:05:54,-11.0267,-68.7692,72.28,39,1,3.24
328,Buin,CL,2021-08-03 00:05:55,-33.7333,-70.75,65.73,32,0,2.64
329,Newport,GB,2021-08-03 00:04:01,51.5877,-2.9984,57.45,89,65,7.9
330,Tooele,US,2021-08-03 00:01:30,40.5308,-112.2983,81.18,57,1,0.0
331,Airai,TL,2021-08-03 00:05:56,-8.9266,125.4092,67.59,51,81,3.91
332,Sorong,ID,2021-08-03 00:05:57,-0.8833,131.25,81.75,76,53,6.53
333,Sibolga,ID,2021-08-03 00:05:57,1.7427,98.7792,76.69,83,68,3.04
334,Bafoulabe,ML,2021-08-03 00:05:58,13.8065,-10.8321,75.61,92,70,4.41
335,Ulaangom,MN,2021-08-03 00:05:58,49.9811,92.0667,65.98,44,2,1.1
336,Bontang,ID,2021-08-03 00:05:58,0.1333,117.5,78.84,83,100,8.52
337,Guerrero Negro,MX,2021-08-03 00:05:59,27.9769,-114.0611,80.31,57,11,16.87
338,Havre-Saint-Pierre,CA,2021-08-03 00:05:59,50.2334,-63.5986,57.78,89,100,10.22
339,Ponta Delgada,PT,2021-08-03 00:06:00,37.7333,-25.6667,68.72,77,20,8.05
340,Wewak,PG,2021-08-03 00:06:00,-3.5534,143.6268,82.62,76,71,7.09
341,Aracati,BR,2021-08-03 00:06:00,-4.5617,-37.7697,79.18,75,18,6.15
342,Lata,PT,2021-08-03 00:06:01,40.1629,-8.3327,62.04,95,37,1.07
343,Concordia,AR,2021-08-03 00:06:01,-31.393,-58.0209,49.21,67,0,3.0
344,Kieta,PG,2021-08-03 00:06:02,-6.2167,155.6333,83.64,73,55,4.41
345,Trinidad,BO,2021-08-03 00:06:02,-14.8333,-64.9,71.22,33,1,3.49
346,Miyako,JP,2021-08-03 00:06:03,39.6367,141.9525,84.9,69,95,7.02
347,Comodoro Rivadavia,AR,2021-08-03 00:06:03,-45.8667,-67.5,57.06,19,0,17.27
348,Alofi,NU,2021-08-03 00:06:03,-19.0595,-169.9187,74.75,68,20,14.36
349,Sisimiut,GL,2021-08-03 00:06:04,66.9395,-53.6735,48.63,90,100,3.83
350,Praia Da Vitoria,PT,2021-08-03 00:06:04,38.7333,-27.0667,74.75,86,28,4.81
351,Petropavlovsk-Kamchatskiy,RU,2021-08-03 00:06:05,53.0452,158.6483,59.59,63,75,8.95
352,Cidreira,BR,2021-08-03 00:06:05,-30.1811,-50.2056,52.83,86,0,4.83
353,Tigil,RU,2021-08-03 00:06:06,57.8,158.6667,56.23,60,44,15.64
354,Richards Bay,ZA,2021-08-03 00:06:06,-28.783,32.0377,63.72,82,98,4.34
355,Danville,US,2021-08-03 00:04:52,36.586,-79.395,80.2,64,1,3.44
356,Dzhebariki-Khaya,RU,2021-08-03 00:06:07,62.2167,135.8,71.91,39,98,3.56
357,Eldorado,BR,2021-08-03 00:06:07,-23.7869,-54.2836,56.32,55,2,4.68
358,Kochi,IN,2021-08-03 00:06:08,9.9399,76.2602,75.18,86,68,3.49
359,Zacualtipan,MX,2021-08-03 00:06:08,20.65,-98.6,66.88,83,82,4.14
360,Kropotkin,RU,2021-08-03 00:06:09,45.4375,40.5756,74.48,58,16,4.97
361,Barrow,US,2021-08-03 00:06:09,71.2906,-156.7887,44.62,81,90,18.41
362,Puerto Carreno,CO,2021-08-03 00:06:09,6.189,-67.4859,71.46,95,100,4.7
363,Mercedes,AR,2021-08-03 00:06:10,-34.6515,-59.4307,53.19,64,0,7.87
364,Nassau,US,2021-08-03 00:02:00,40.7507,-73.5829,79.66,55,1,1.01
365,Anloga,GH,2021-08-03 00:06:11,5.7947,0.8973,77.14,88,100,10.09
366,Bellevue,US,2021-08-03 00:06:11,47.6104,-122.2007,90.23,45,1,7.0
367,Birin,NP,2021-08-03 00:06:12,26.8865,88.0718,63.48,89,100,3.36
368,Mayo,US,2021-08-03 00:06:12,38.8876,-76.5119,79.0,68,1,3.0
369,Dunmore Town,BS,2021-08-03 00:06:12,25.5,-76.65,83.32,77,100,12.17
370,Rocha,UY,2021-08-03 00:06:13,-34.4833,-54.3333,44.94,92,15,0.98
371,Asau,RO,2021-08-03 00:06:13,46.4333,26.4,61.72,95,15,2.64
372,Shirokiy,RU,2021-08-03 00:06:14,49.758,129.523,69.98,95,100,3.36
373,Khor,RU,2021-08-03 00:06:14,47.8861,134.9464,76.78,72,80,2.51
374,Hasaki,JP,2021-08-03 00:06:15,35.7333,140.8333,88.29,81,84,12.64
375,Hun,LY,2021-08-03 00:06:15,29.1268,15.9477,83.89,25,0,7.07
376,Hambantota,LK,2021-08-03 00:06:16,6.1241,81.1185,79.16,80,100,17.54
377,Coahuayana,MX,2021-08-03 00:06:16,18.7333,-103.6833,90.88,74,92,4.9
378,Burgeo,CA,2021-08-03 00:02:49,47.6167,-57.6152,59.31,92,100,15.79
379,Oktyabrskoye,RU,2021-08-03 00:06:17,43.0645,44.7417,60.94,94,41,6.71
380,La Ronge,CA,2021-08-03 00:01:25,55.1001,-105.2842,81.27,26,96,3.78
381,Sinazongwe,ZM,2021-08-03 00:06:18,-17.2614,27.4618,65.05,51,0,3.74
382,Ust-Omchug,RU,2021-08-03 00:06:18,61.15,149.6333,47.95,49,18,11.81
383,Stornoway,GB,2021-08-03 00:06:18,58.2093,-6.3865,55.92,87,20,0.0
384,Derzhavinsk,KZ,2021-08-03 00:06:19,51.1,66.3167,69.53,49,5,1.23
385,Mount Gambier,AU,2021-08-03 00:06:19,-37.8333,140.7667,48.11,87,75,17.27
386,Khipro,PK,2021-08-03 00:06:20,25.8285,69.3772,82.76,72,61,18.75
387,Isangel,VU,2021-08-03 00:06:20,-19.55,169.2667,74.53,52,4,10.92
388,Sao Joao Da Barra,BR,2021-08-03 00:06:21,-21.6403,-41.0511,68.63,78,0,10.92
389,Farah,AF,2021-08-03 00:06:21,32.5,62.5,77.58,16,0,5.37
390,Kjollefjord,NO,2021-08-03 00:06:22,70.9457,27.3465,47.84,80,71,2.21
391,Vanavara,RU,2021-08-03 00:06:22,60.34,102.2797,60.69,84,100,3.36
392,Terrasini,IT,2021-08-03 00:06:23,38.146,13.0844,85.46,84,0,5.75
393,Halifax,CA,2021-08-03 00:05:04,44.6453,-63.5724,60.69,90,90,1.01
394,Umm Kaddadah,SD,2021-08-03 00:06:23,13.6017,26.6876,79.84,61,68,13.42
395,Hofn,IS,2021-08-03 00:06:24,64.2539,-15.2082,52.93,86,94,8.01
396,Aklavik,CA,2021-08-03 00:06:24,68.2191,-135.0107,57.92,76,95,15.3
397,Kongolo,CD,2021-08-03 00:06:25,-5.3833,27.0,74.23,37,2,2.59
398,Mumford,GH,2021-08-03 00:06:25,5.2618,-0.759,75.96,90,100,8.5
399,Kishtwar,IN,2021-08-03 00:06:25,33.3167,75.7667,63.86,86,6,3.2
400,Amga,RU,2021-08-03 00:06:26,60.8953,131.9608,62.89,76,100,8.1
401,Correntina,BR,2021-08-03 00:06:26,-13.3433,-44.6367,66.38,45,77,3.62
402,Gimli,CA,2021-08-03 00:05:23,50.6336,-96.9907,88.43,33,30,6.15
403,Hays,US,2021-08-03 00:06:27,30.0502,-98.0336,82.81,93,90,1.01
404,Half Moon Bay,US,2021-08-03 00:06:28,37.4636,-122.4286,91.74,61,75,23.02
405,Khorixas,NA,2021-08-03 00:06:28,-20.3667,14.9667,66.15,26,0,6.53
406,Tres Arroyos,AR,2021-08-03 00:06:28,-38.3739,-60.2798,50.7,61,11,14.97
407,Umm Lajj,SA,2021-08-03 00:06:29,25.0213,37.2685,89.44,39,6,4.09
408,Markova,UA,2021-08-03 00:06:29,48.6758,24.4138,55.36,93,9,3.69
409,Ilhabela,BR,2021-08-03 00:06:30,-23.7781,-45.3581,62.92,88,22,3.71
410,Warwick,US,2021-08-03 00:06:30,41.7001,-71.4162,74.28,70,19,4.32
411,Butka,RU,2021-08-03 00:06:31,56.7179,63.7866,59.27,96,98,7.18
412,Sao Paulo Do Potengi,BR,2021-08-03 00:06:31,-5.895,-35.7628,72.39,86,36,10.47
413,Lasa,IT,2021-08-03 00:06:32,46.6166,10.7002,56.03,91,60,0.81
414,Hamilton,US,2021-08-03 00:02:37,39.1834,-84.5333,75.88,57,20,1.01
415,Winnemucca,US,2021-08-03 00:06:33,40.973,-117.7357,96.85,13,1,5.75
416,Alta Floresta,BR,2021-08-03 00:06:33,-9.8756,-56.0861,79.52,35,57,5.03
417,College,US,2021-08-03 00:04:50,64.8569,-147.8028,86.58,43,1,1.01
418,Volosovo,RU,2021-08-03 00:06:34,59.4333,29.4833,57.76,97,100,11.5
419,Petropavlovka,RU,2021-08-03 00:06:34,50.6114,105.3196,59.22,87,100,5.64
420,Russell,US,2021-08-03 00:06:35,32.3502,-85.1999,74.91,94,75,6.91
421,Port Lincoln,AU,2021-08-03 00:06:35,-34.7333,135.8667,52.54,64,92,20.22
422,Brooks,CA,2021-08-03 00:06:36,50.5834,-111.8851,78.04,41,100,10.6
423,Hualmay,PE,2021-08-03 00:06:36,-11.0964,-77.6139,64.24,82,9,11.5
424,Puerto Escondido,MX,2021-08-03 00:06:37,15.85,-97.0667,86.83,62,40,0.0
425,Sosua,DO,2021-08-03 00:06:37,19.7667,-70.5167,82.53,81,87,10.56
426,Sebezh,RU,2021-08-03 00:06:37,56.2955,28.4654,54.3,97,68,8.23
427,Saurimo,AO,2021-08-03 00:06:38,-9.6608,20.3916,61.32,39,63,4.32
428,Atagay,RU,2021-08-03 00:06:38,55.1033,99.3875,59.07,83,90,2.75
429,Geraldton,AU,2021-08-03 00:06:39,-28.7667,114.6,45.01,87,2,9.22
430,Jasper,US,2021-08-03 00:02:54,37.2001,-94.3502,80.65,57,1,3.44
431,Indramayu,ID,2021-08-03 00:06:40,-6.3264,108.32,78.44,74,61,7.65
432,Eaglesfield,GB,2021-08-03 00:06:40,54.6406,-3.4044,51.24,82,10,3.83
433,Onega,RU,2021-08-03 00:06:40,63.9061,38.1404,59.25,79,95,9.84
434,Port Hardy,CA,2021-08-03 00:06:41,50.6996,-127.4199,63.34,70,33,12.06
435,Aleppo,SY,2021-08-03 00:06:41,36.25,37.5,81.34,51,2,12.66
436,Okhotsk,RU,2021-08-03 00:06:42,59.3833,143.3,59.54,60,97,9.95
437,Saint-Raphael,HT,2021-08-03 00:06:42,19.4333,-72.2,74.28,87,92,7.11
438,Puerto Cabezas,NI,2021-08-03 00:06:42,14.0351,-83.3888,79.39,88,98,11.23
439,Magadan,RU,2021-08-03 00:03:18,59.5667,150.8,54.97,48,1,11.12
440,Pocone,BR,2021-08-03 00:06:43,-16.2567,-56.6228,72.18,38,7,5.14
441,Saint-Felicien,CA,2021-08-03 00:05:12,48.6501,-72.4491,62.31,61,91,7.58
442,Muros,ES,2021-08-03 00:06:44,42.7762,-9.0603,61.09,82,90,8.19
443,Aykhal,RU,2021-08-03 00:06:44,66.0,111.5,69.37,50,100,15.82
444,Mwanza,TZ,2021-08-03 00:06:45,-2.5167,32.9,69.64,61,81,4.56
445,Contepec,MX,2021-08-03 00:06:45,20.0167,-100.1167,63.28,76,59,5.75
446,Altus,US,2021-08-03 00:06:45,34.6381,-99.334,86.07,34,1,8.05
447,Letterkenny,IE,2021-08-03 00:06:46,54.95,-7.7333,52.54,96,77,3.56
448,Askino,RU,2021-08-03 00:06:46,56.0901,56.5783,63.45,68,69,5.73
449,Englewood,US,2021-08-03 00:06:47,39.6478,-104.9878,87.91,34,75,9.22
450,Payakumbuh,ID,2021-08-03 00:06:47,-0.2202,100.6308,70.36,95,96,1.52
451,Berlevag,NO,2021-08-03 00:06:48,70.8578,29.0864,46.63,83,17,3.53
452,Dayong,CN,2021-08-03 00:06:48,25.0209,118.2898,82.76,83,76,2.51
453,Pinczow,PL,2021-08-03 00:06:49,50.5205,20.5265,58.6,88,9,4.7
454,Bireun,ID,2021-08-03 00:06:49,5.203,96.7009,77.2,68,86,4.05
455,Paveh,IR,2021-08-03 00:06:49,35.0434,46.3565,68.4,54,50,6.58
456,Kandrian,PG,2021-08-03 00:06:50,-6.2167,149.55,79.12,84,88,7.2
457,Priiskovyy,RU,2021-08-03 00:06:51,51.9333,116.6333,68.07,77,86,3.89
458,Moultrie,US,2021-08-03 00:06:51,31.1799,-83.7891,80.2,83,40,3.44
459,Rosas,CO,2021-08-03 00:06:51,2.2609,-76.7399,61.83,64,95,5.32
460,Aloleng,PH,2021-08-03 00:06:52,16.1307,119.7824,82.42,85,100,22.28
461,Qorveh,IR,2021-08-03 00:06:52,35.1664,47.8045,64.72,53,44,2.3
462,Vila Franca Do Campo,PT,2021-08-03 00:06:53,37.7167,-25.4333,68.41,82,0,5.64
463,Sorland,NO,2021-08-03 00:06:53,67.667,12.6934,50.43,73,99,11.01
464,Bud,US,2021-08-03 00:06:54,39.447,-86.1758,75.29,60,2,4.88
465,Tornio,FI,2021-08-03 00:06:54,65.8481,24.1466,53.62,59,100,8.03
466,Paita,PE,2021-08-03 00:06:55,-5.0892,-81.1144,66.29,83,8,14.09
467,Kathmandu,NP,2021-08-03 00:05:44,27.7167,85.3167,71.82,100,75,2.3
468,Hithadhoo,MV,2021-08-03 00:06:55,-0.6,73.0833,81.82,73,100,6.2
469,Iwanai,JP,2021-08-03 00:06:56,42.9744,140.5089,82.9,70,83,1.43
470,Bjornevatn,NO,2021-08-03 00:06:56,69.6672,29.9847,44.35,84,35,1.52
471,Tarakan,ID,2021-08-03 00:06:56,3.3,117.6333,78.82,84,100,6.46
472,Sulangan,PH,2021-08-03 00:06:57,11.1373,123.7228,83.98,74,100,14.29
473,Catia La Mar,VE,2021-08-03 00:06:57,10.6038,-67.0303,79.0,89,40,3.44
474,Port Said,EG,2021-08-03 00:06:58,31.2565,32.2841,83.79,64,0,2.91
475,Pimenteiras,BR,2021-08-03 00:06:58,-6.2453,-41.4192,73.38,39,11,4.68
476,Pundaguitan,PH,2021-08-03 00:06:59,6.3711,126.1689,83.59,72,94,3.85
477,Yilan,TW,2021-08-03 00:06:59,24.757,121.753,86.05,82,100,3.83
478,Nizwa,OM,2021-08-03 00:07:00,22.9333,57.5333,87.57,43,38,2.86
479,Warrnambool,AU,2021-08-03 00:05:18,-38.3833,142.4833,50.81,75,81,15.9
480,Sabha,LY,2021-08-03 00:07:01,27.0377,14.4283,87.49,11,0,13.8
481,Vilyuysk,RU,2021-08-03 00:07:01,63.7553,121.6247,72.81,42,0,7.9
482,Saint-Pierre,RE,2021-08-03 00:07:02,-21.3393,55.4781,65.88,63,40,9.22
483,Quang Ngai,VN,2021-08-03 00:07:02,15.1167,108.8,82.87,69,97,4.05
484,Hefei,CN,2021-08-03 00:07:02,31.8639,117.2808,85.95,100,1,8.99
485,Redwater,US,2021-08-03 00:02:14,33.3582,-94.2544,84.33,72,89,4.81
486,Kisangani,CD,2021-08-03 00:07:03,0.5167,25.2,70.81,84,82,2.1
487,Tambacounda,SN,2021-08-03 00:07:04,13.7539,-13.7586,75.34,90,64,7.76
488,Inuvik,CA,2021-08-03 00:07:04,68.3499,-133.7218,57.96,82,90,16.11
489,Okotoks,CA,2021-08-03 00:07:05,50.7289,-113.9828,71.49,86,100,5.7
490,Bend,US,2021-08-03 00:05:19,44.0582,-121.3153,90.75,30,1,1.99
491,Houma,US,2021-08-03 00:07:06,29.5958,-90.7195,84.99,82,1,4.61
492,Shache,CN,2021-08-03 00:07:06,38.4167,77.2406,63.46,58,100,3.27
493,Hay River,CA,2021-08-03 00:07:07,60.8156,-115.7999,84.16,34,20,8.05
494,Khanpur,PK,2021-08-03 00:07:07,28.6453,70.6567,89.04,57,22,14.0
495,Zonguldak,TR,2021-08-03 00:07:08,41.25,31.8333,64.51,44,0,5.93
496,Olafsvik,IS,2021-08-03 00:07:08,64.8945,-23.7142,53.06,81,100,5.73
497,Monterey,US,2021-08-03 00:02:39,36.2505,-121.2516,98.06,19,66,13.56
498,Kanniyakumari,IN,2021-08-03 00:07:09,8.0833,77.5667,78.49,79,100,18.72
499,Manali,IN,2021-08-03 00:07:09,13.1667,80.2667,84.29,61,88,11.99
500,Necochea,AR,2021-08-03 00:07:10,-38.5473,-58.7368,53.04,71,10,12.77
501,Linxia,CN,2021-08-03 00:07:10,35.6003,103.2064,61.0,80,100,3.31
502,Tommot,RU,2021-08-03 00:07:10,58.9564,126.2925,58.5,92,84,2.95
503,Champerico,GT,2021-08-03 00:07:11,14.3,-91.9167,88.36,75,91,7.05
504,Kearney,US,2021-08-03 00:02:42,40.6995,-99.0815,81.52,31,86,12.26
505,Juruti,BR,2021-08-03 00:07:12,-2.1522,-56.0922,77.47,72,63,2.35
506,Strezhevoy,RU,2021-08-03 00:07:12,60.7333,77.5889,57.18,91,100,0.74
507,Maceio,BR,2021-08-03 00:03:06,-9.6658,-35.7353,73.71,86,43,9.26
508,Conde,BR,2021-08-03 00:07:13,-7.2597,-34.9075,72.86,94,75,10.36
509,Alice Springs,AU,2021-08-03 00:07:13,-23.7,133.8833,53.15,43,0,14.97
510,Lufilufi,WS,2021-08-03 00:07:14,-13.8745,-171.5986,83.79,70,81,11.59
511,Shizunai,JP,2021-08-03 00:07:14,42.3339,142.3669,77.86,84,92,5.79
512,San Policarpo,PH,2021-08-03 00:07:15,12.1791,125.5072,84.38,71,100,10.13
513,Gilgit,PK,2021-08-03 00:07:15,35.9221,74.3087,76.48,60,51,0.94
514,Agdam,AZ,2021-08-03 00:07:16,39.991,46.9274,76.24,27,45,6.78
515,Waipawa,NZ,2021-08-03 00:07:16,-41.4122,175.5153,47.03,89,100,14.25
516,Atbasar,KZ,2021-08-03 00:07:16,51.8,68.3333,64.89,58,47,5.44
517,La Palma,US,2021-08-03 00:07:17,33.8464,-118.0467,108.81,34,1,8.01
518,Fontaine,FR,2021-08-03 00:07:17,45.1984,5.6827,60.35,76,42,7.0
519,Port Augusta,AU,2021-08-03 00:07:18,-32.5,137.7667,51.94,64,32,16.08
520,Fuxin,CN,2021-08-03 00:04:58,42.0156,121.6589,66.07,93,79,3.44
521,Bairiki,KI,2021-08-03 00:07:18,1.3292,172.9752,86.0,70,20,8.05
522,Paso De Los Toros,UY,2021-08-03 00:07:19,-32.8167,-56.5167,47.43,74,0,3.42
523,Manaus,BR,2021-08-03 00:07:19,-3.1019,-60.025,75.47,78,48,3.71
524,Pangkalanbuun,ID,2021-08-03 00:07:20,-2.6833,111.6167,76.55,94,99,2.33
525,Itupiranga,BR,2021-08-03 00:07:20,-5.1347,-49.3267,79.93,47,46,1.25
526,Bubaque,GW,2021-08-03 00:07:21,11.2833,-15.8333,79.3,82,99,17.25
527,Pangody,RU,2021-08-03 00:07:21,65.85,74.4859,59.49,74,97,4.88
528,Luganville,VU,2021-08-03 00:07:22,-15.5333,167.1667,76.41,53,93,8.39
529,Santa Rosa,PH,2021-08-03 00:07:22,14.3122,121.1114,84.85,81,100,15.26
530,Kamenka,RU,2021-08-03 00:07:22,51.3223,42.7678,73.8,49,21,4.65
531,Olinda,BR,2021-08-03 00:03:37,-8.0089,-34.8553,74.16,86,38,11.5
532,Sidney,AU,2021-08-03 00:03:11,-33.8679,151.2073,65.32,81,40,1.99
533,Port Charlotte,US,2021-08-03 00:03:25,26.9762,-82.0906,89.01,67,1,8.01
534,Batemans Bay,AU,2021-08-03 00:07:23,-35.7167,150.1833,60.91,51,47,12.95
535,Riyadh,SA,2021-08-03 00:07:24,24.6877,46.7219,87.94,10,14,9.93
536,Wamba,NG,2021-08-03 00:07:24,8.9333,8.6,70.11,96,92,2.73
537,Xingyi,CN,2021-08-03 00:07:25,24.1877,102.817,62.98,89,2,2.91
538,Port Hedland,AU,2021-08-03 00:07:25,-20.3167,118.5667,55.45,30,46,6.91
539,Cabedelo,BR,2021-08-03 00:07:26,-6.9811,-34.8339,74.07,85,12,12.73
540,Springbok,ZA,2021-08-03 00:07:26,-29.6643,17.8865,56.88,23,0,8.43
541,Sao Felix Do Xingu,BR,2021-08-03 00:07:27,-6.6447,-51.995,75.65,44,34,2.57
542,Tecpan,GT,2021-08-03 00:07:27,14.7623,-90.9947,61.38,90,87,4.23
543,Clarence Town,AU,2021-08-03 00:07:28,-32.5833,151.7833,67.06,74,68,10.0
544,Fukue,JP,2021-08-03 00:07:28,32.6881,128.8419,81.63,77,53,14.72
545,Padang,ID,2021-08-03 00:05:00,-0.9492,100.3543,75.25,81,97,3.51
546,Myanaung,MM,2021-08-03 00:07:29,18.2833,95.3167,75.97,95,100,5.75
547,Belyy Yar,RU,2021-08-03 00:07:29,53.6039,91.3903,64.29,77,0,8.95
548,Beringovskiy,RU,2021-08-03 00:07:30,63.05,179.3167,44.38,95,100,5.17
549,Talcahuano,CL,2021-08-03 00:07:30,-36.7167,-73.1167,55.08,82,0,8.05
550,Grindavik,IS,2021-08-03 00:07:30,63.8424,-22.4338,52.9,100,75,8.05
551,Aroneanu,RO,2021-08-03 00:07:31,47.2,27.6,66.13,92,20,8.01
552,Kungurtug,RU,2021-08-03 00:07:31,50.5994,97.5228,49.91,91,100,0.74
553,Verkhoyansk,RU,2021-08-03 00:07:32,67.5447,133.385,69.51,32,1,4.12
554,Bisira,PA,2021-08-03 00:07:32,8.5196,-81.7115,61.63,98,100,2.51
555,Terrace,CA,2021-08-03 00:07:33,54.5163,-128.6035,79.79,32,36,3.98
556,Jieshi,CN,2021-08-03 00:07:33,22.8134,115.8257,85.95,85,87,8.55
557,Mahibadhoo,MV,2021-08-03 00:07:33,3.7833,72.9667,81.9,74,100,5.55
558,Cochrane,CA,2021-08-03 00:05:47,51.1834,-114.4687,70.63,46,90,13.8
559,Clinton,US,2021-08-03 00:04:16,42.587,-82.9199,75.52,55,40,1.01
560,Majene,ID,2021-08-03 00:07:19,-3.5403,118.9707,78.66,84,88,7.49
561,Kihei,US,2021-08-03 00:06:17,20.785,-156.4656,84.97,68,40,26.46
562,Ugoofaaru,MV,2021-08-03 00:07:35,5.6667,73.0,82.13,74,98,6.91
563,Garavuti,TJ,2021-08-03 00:07:35,37.5672,68.4469,74.05,25,2,2.77
564,Bilma,NE,2021-08-03 00:07:35,18.6853,12.9164,94.06,13,7,10.78
565,Fengcheng,CN,2021-08-03 00:07:36,40.4536,124.0717,73.76,91,34,0.83
566,Bundaberg,AU,2021-08-03 00:07:36,-24.85,152.35,77.22,64,40,8.01
567,Mitsamiouli,KM,2021-08-03 00:07:37,-11.3847,43.2844,75.49,72,0,5.01
568,Roebourne,AU,2021-08-03 00:07:37,-20.7833,117.1333,60.82,27,7,20.09
569,Najran,SA,2021-08-03 00:03:03,17.4924,44.1277,77.94,51,100,14.67
570,Llangefni,GB,2021-08-03 00:07:38,53.2556,-4.3106,57.72,87,8,4.61
571,South Lake Tahoe,US,2021-08-03 00:04:13,38.9332,-119.9844,92.62,26,1,7.0
572,Vallenar,CL,2021-08-03 00:07:38,-28.5708,-70.7581,63.7,51,0,3.09
573,Kondinskoye,RU,2021-08-03 00:07:39,59.6481,67.41,60.46,78,84,6.73
574,Krasnoarmeysk,RU,2021-08-03 00:07:39,51.0239,45.6969,69.08,42,33,4.94
575,Nouadhibou,MR,2021-08-03 00:07:40,20.931,-17.0347,69.19,88,51,17.38
576,Kuruman,ZA,2021-08-03 00:07:40,-27.4524,23.4325,48.22,29,0,5.28
577,Rio Grande,BR,2021-08-03 00:03:52,-32.035,-52.0986,46.94,94,6,7.0
578,Tanete,ID,2021-08-03 00:07:41,-3.9443,119.7848,78.39,81,47,6.8
579,Camacari,BR,2021-08-03 00:07:42,-12.6975,-38.3242,68.86,91,58,7.81
580,Vysokogornyy,RU,2021-08-03 00:07:42,50.1167,139.15,63.45,81,94,3.58
581,Sola,VU,2021-08-03 00:07:42,-13.8833,167.55,75.27,56,94,12.44
582,Akersberga,SE,2021-08-03 00:07:43,59.4794,18.2997,54.99,87,82,10.69
583,Elko,US,2021-08-03 00:07:43,41.0002,-115.5012,89.74,22,23,3.0
584,Katangli,RU,2021-08-03 00:07:44,51.7102,143.2326,53.06,94,100,13.27
585,Touros,BR,2021-08-03 00:07:44,-5.1989,-35.4608,75.24,82,18,16.35
586,Lalmohan,BD,2021-08-03 00:07:44,22.3384,90.7419,80.49,84,98,2.06
587,Buchanan,LR,2021-08-03 00:07:45,5.8808,-10.0467,75.83,79,9,5.55
588,Jalu,LY,2021-08-03 00:07:45,29.0331,21.5482,87.94,22,0,8.34
589,Oranjemund,NA,2021-08-03 00:07:46,-28.55,16.4333,59.99,56,0,4.63
590,Gizo,SB,2021-08-03 00:07:46,-8.103,156.8419,80.87,80,88,10.6
591,Dimona,IL,2021-08-03 00:07:47,31.0667,35.0333,78.22,31,0,2.35
592,Ambanja,MG,2021-08-03 00:07:47,-13.6833,48.45,67.73,92,37,3.33
593,Benguela,AO,2021-08-03 00:07:47,-12.5763,13.4055,69.26,85,0,3.29
594,West Wendover,US,2021-08-03 00:07:48,40.7391,-114.0733,87.01,30,20,6.91
595,High Prairie,CA,2021-08-03 00:05:10,55.4334,-116.4858,77.68,47,100,4.56
596,Anupgarh,IN,2021-08-03 00:07:48,29.1911,73.2086,90.12,56,100,9.91
597,Columbus,US,2021-08-03 00:07:49,39.9612,-82.9988,75.4,55,20,4.61
598,Atar,MR,2021-08-03 00:07:50,20.5169,-13.0499,88.3,43,37,12.48
599,Dickinson,US,2021-08-03 00:07:50,29.4608,-95.0513,91.62,74,40,9.22
600,Tessalit,ML,2021-08-03 00:07:51,20.1986,1.0114,84.85,48,41,11.99
601,Camacupa,AO,2021-08-03 00:07:51,-12.0167,17.4833,55.33,30,1,2.84
602,Yalvac,TR,2021-08-03 00:07:52,38.2956,31.1778,67.21,34,0,4.45
603,Waterford,US,2021-08-03 00:04:41,42.7023,-83.4027,74.3,57,20,8.05
604,Esmeraldas,BR,2021-08-03 00:07:52,-19.7625,-44.3139,63.23,53,3,4.99
605,Verkhnyaya Inta,RU,2021-08-03 00:07:53,65.9811,60.3094,54.05,87,74,4.16
606,Shalinskoye,RU,2021-08-03 00:07:53,55.7228,93.7594,62.2,87,87,4.18
607,Havelock,US,2021-08-03 00:07:54,34.8791,-76.9013,77.02,93,60,1.99
608,Nanyang,CN,2021-08-03 00:05:30,32.9947,112.5328,78.98,74,0,11.36
609,Banda Aceh,ID,2021-08-03 00:07:54,5.5577,95.3222,79.39,78,92,13.82
610,Huilong,CN,2021-08-03 00:07:55,31.8111,121.655,87.04,86,3,13.91
611,Benjamin Hill,MX,2021-08-03 00:07:55,30.1667,-111.1,83.64,57,50,12.71
612,Alyangula,AU,2021-08-03 00:07:56,-13.8483,136.4192,78.98,67,42,8.21
613,Kijang,KR,2021-08-03 00:07:56,35.2442,129.2139,84.38,68,100,5.77
614,Havoysund,NO,2021-08-03 00:07:57,70.9963,24.6622,47.28,86,22,24.23
615,Esso,RU,2021-08-03 00:07:57,55.9333,158.7,51.22,73,97,7.63
616,Coos Bay,US,2021-08-03 00:07:58,43.3665,-124.2179,96.85,88,90,13.8
617,Bradford,GB,2021-08-03 00:07:58,53.7939,-1.7521,56.25,75,0,10.36
618,Olga,RU,2021-08-03 00:07:58,43.7444,135.2892,70.81,90,100,3.29
619,Gafanha Da Encarnacao,PT,2021-08-03 00:07:59,40.6181,-8.733,66.27,67,64,12.01
620,Tweed,CA,2021-08-03 00:08:00,44.4751,-77.3162,70.07,76,9,7.49
621,Juchipila,MX,2021-08-03 00:08:00,21.4167,-103.1167,85.42,40,47,2.82
622,Saint-Joseph,RE,2021-08-03 00:08:00,-21.3667,55.6167,64.78,71,4,1.9
623,Riviere-Au-Renard,CA,2021-08-03 00:08:01,48.9957,-64.3971,57.85,94,100,4.43
624,Presidencia Roque Saenz Pena,AR,2021-08-03 00:08:01,-26.7852,-60.4388,54.86,49,3,5.79
625,Rudnya,RU,2021-08-03 00:08:02,54.947,31.0934,54.97,97,83,9.62
626,Takhtamygda,RU,2021-08-03 00:08:02,54.1,123.5667,65.07,73,71,4.97
627,Ous,RU,2021-08-03 00:08:03,60.9058,61.5186,55.44,92,7,4.47
628,Kolokani,ML,2021-08-03 00:08:03,13.5728,-8.0339,77.05,82,90,7.09
629,Ballina,AU,2021-08-03 00:08:03,-28.8667,153.5667,66.78,87,100,7.61
630,Sainte-Maxime,FR,2021-08-03 00:08:04,43.3,6.6333,73.44,50,6,9.48
631,Babayurt,RU,2021-08-03 00:08:04,43.6002,46.7789,70.81,64,99,4.38
632,Prata,BR,2021-08-03 00:08:05,-19.3072,-48.9242,68.5,43,2,4.7
633,Jumla,NP,2021-08-03 00:08:05,29.2747,82.1838,63.46,94,90,3.02
634,Srednekolymsk,RU,2021-08-03 00:08:06,67.45,153.6833,51.42,47,78,10.85
635,Camacha,PT,2021-08-03 00:08:06,33.0833,-16.3333,68.76,78,40,13.8
636,Broome,US,2021-08-03 00:08:07,42.2506,-75.833,66.58,51,1,6.91
637,Novaya Lyalya,RU,2021-08-03 00:08:07,59.055,60.599,57.24,97,50,4.32
638,Raisinghnagar,IN,2021-08-03 00:08:08,29.5358,73.4492,87.87,62,96,8.86
639,Luanda,AO,2021-08-03 00:03:28,-8.8368,13.2343,70.47,88,1,6.93
640,Cantagalo,BR,2021-08-03 00:08:08,-21.9811,-42.3681,56.88,77,3,3.29
641,Villa Rica,US,2021-08-03 00:04:18,33.7321,-84.9191,81.39,83,92,6.17
642,Yeniseysk,RU,2021-08-03 00:08:09,58.4497,92.1703,56.25,91,9,2.95
643,Dengzhou,CN,2021-08-03 00:08:09,37.8086,120.7508,75.85,82,3,5.12
644,Yakovlevka,RU,2021-08-03 00:08:10,44.425,133.4772,79.07,70,88,3.09
645,Laguna,US,2021-08-03 00:08:10,38.421,-121.4238,103.44,14,1,3.0
646,Kutum,SD,2021-08-03 00:08:11,14.2,24.6667,73.15,64,33,15.7
647,Altay,CN,2021-08-03 00:08:11,47.8667,88.1167,66.94,38,0,4.45
648,Kaeo,NZ,2021-08-03 00:08:11,-35.1,173.7833,57.33,89,53,20.76
649,Abong Mbang,CM,2021-08-03 00:08:12,3.9833,13.1833,67.8,98,100,2.91
650,Barcelos,PT,2021-08-03 00:08:12,41.5388,-8.6151,68.92,81,68,3.38
651,Chyhyryn,UA,2021-08-03 00:08:13,49.0838,32.6555,67.55,84,81,9.26
652,Xiashi,CN,2021-08-03 00:08:13,30.5363,120.6864,84.22,88,27,11.59
653,San Cristobal,VE,2021-08-03 00:08:14,7.7669,-72.225,65.44,98,97,4.63
654,Mae Sot,TH,2021-08-03 00:08:14,16.7167,98.5667,73.26,99,99,2.57
655,Tornabe,HN,2021-08-03 00:08:15,15.75,-87.55,84.11,90,54,5.17
656,Emet,TR,2021-08-03 00:08:15,39.343,29.2585,68.77,36,0,3.04
657,Diu,IN,2021-08-03 00:08:16,20.7141,70.9822,80.78,83,87,19.57
658,Villa Maria,AR,2021-08-03 00:08:16,-32.4075,-63.2402,46.81,65,0,8.81
659,Warangal,IN,2021-08-03 00:08:17,18.0,79.5833,77.45,74,99,12.44
660,Ketchikan,US,2021-08-03 00:07:16,55.3422,-131.6461,64.87,63,90,10.36
661,Berasia,IN,2021-08-03 00:08:17,23.6333,77.4333,73.17,93,100,21.07
662,Sokoto,NG,2021-08-03 00:08:18,13.0609,5.239,75.72,87,100,3.29
663,Ippy,CF,2021-08-03 00:08:18,6.2679,21.2247,69.12,95,99,2.26
664,Buala,SB,2021-08-03 00:08:19,-8.145,159.5921,80.73,80,67,7.65
665,Olbia,IT,2021-08-03 00:08:19,40.9214,9.4856,66.25,59,0,1.14
666,Cockburn Town,TC,2021-08-03 00:03:58,21.4612,-71.1419,81.99,77,100,19.62
667,Kidal,ML,2021-08-03 00:08:20,18.4411,1.4078,82.9,54,82,20.33
668,Bonthe,SL,2021-08-03 00:08:20,7.5264,-12.505,75.92,76,34,5.48
669,Vostok,RU,2021-08-03 00:08:21,46.4856,135.8833,74.34,72,66,0.78
670,Puerto Ayacucho,VE,2021-08-03 00:08:21,5.6639,-67.6236,71.17,96,100,2.33
671,Hirara,JP,2021-08-03 00:08:22,24.8,125.2833,81.75,85,94,14.5
672,Port Keats,AU,2021-08-03 00:08:22,-14.25,129.55,82.24,60,82,2.62
673,Gornopravdinsk,RU,2021-08-03 00:08:23,60.05,69.9,56.66,98,91,5.39
674,Wanning,CN,2021-08-03 00:08:23,18.8003,110.3967,83.01,80,92,7.87
675,Nakasongola,UG,2021-08-03 00:08:24,1.3089,32.4564,64.53,72,78,1.36
676,Makaryev,RU,2021-08-03 00:08:24,57.8797,43.8069,65.16,82,83,7.23
677,Nombre De Dios,MX,2021-08-03 00:08:24,23.85,-104.2333,78.35,39,62,6.51
678,Murray Bridge,AU,2021-08-03 00:08:25,-35.1167,139.2667,53.69,73,25,19.8
679,Sovetskiy,RU,2021-08-03 00:08:25,61.3614,63.5842,58.55,80,94,4.54
680,Saquarema,BR,2021-08-03 00:08:26,-22.92,-42.5103,68.02,88,0,9.64
681,Honningsvag,NO,2021-08-03 00:08:26,70.9821,25.9704,48.07,77,64,16.84
682,Palm Coast,US,2021-08-03 00:08:27,29.585,-81.2078,81.09,76,80,1.01
683,Edgewater,US,2021-08-03 00:08:27,28.9889,-80.9023,82.78,74,20,0.0
684,Baraboo,US,2021-08-03 00:06:12,43.4711,-89.7443,77.14,49,1,0.0
685,Claudio,BR,2021-08-03 00:08:28,-20.4433,-44.7658,66.72,48,54,4.05
686,Raga,SS,2021-08-03 00:08:28,8.4596,25.678,67.33,94,39,4.61
687,Zimovniki,RU,2021-08-03 00:08:29,47.1483,42.4633,78.46,38,3,2.04
688,Kampene,CD,2021-08-03 00:08:29,-3.6,26.6667,72.77,56,80,0.92
689,Nenzing,AT,2021-08-03 00:08:29,47.1386,9.6744,52.09,87,41,4.23
690,Colares,PT,2021-08-03 00:08:30,38.7992,-9.4469,65.44,76,39,11.01
691,Pozo Colorado,PY,2021-08-03 00:08:30,-23.4923,-58.7972,60.39,46,19,5.95
692,Bandundu,CD,2021-08-03 00:08:31,-3.3167,17.3667,75.47,31,23,2.57
693,Obo,CF,2021-08-03 00:08:31,5.3998,26.4869,70.38,84,88,3.24
694,Arica,CL,2021-08-03 00:08:31,-18.475,-70.3042,61.03,77,90,4.61
695,Daru,PG,2021-08-03 00:08:32,-9.0763,143.2092,80.08,66,79,8.32
696,Itaituba,BR,2021-08-03 00:08:32,-4.2761,-55.9836,81.88,53,88,2.51
697,Itoman,JP,2021-08-03 00:08:33,26.1247,127.6694,84.58,84,40,17.27
698,Pacific Grove,US,2021-08-03 00:04:36,36.6177,-121.9166,88.63,70,1,5.01
699,Biu,NG,2021-08-03 00:08:33,10.6129,12.1946,69.35,92,74,7.43
